{"cameraMode":{"drawMode":0,"name":"Shaded","section":"Shading Mode"},"sceneLighting":false,"audioPlay":false,"sceneViewState":{"showFog":true,"showMaterialUpdate":false,"showSkybox":false,"showFlares":true,"showImageEffects":true,"showParticleSystems":true},"in2DMode":false,"pivot":{"x":-6.600274562835693,"y":-3.6364336013793947,"z":-1.3414957523345948},"rotation":{"x":0.004340666346251965,"y":-0.26383650302886965,"z":0.001187063637189567,"w":0.9645578265190125},"size":7.940282344818115,"orthographic":true}