{"cameraMode":{"drawMode":0,"name":"Shaded","section":"Shading Mode"},"sceneLighting":true,"audioPlay":false,"sceneViewState":{"showFog":true,"showMaterialUpdate":false,"showSkybox":true,"showFlares":true,"showImageEffects":true,"showParticleSystems":true},"in2DMode":false,"pivot":{"x":-0.9641942381858826,"y":-4.899297714233398,"z":-4.876408100128174},"rotation":{"x":0.200907364487648,"y":-0.08715429902076721,"z":0.0179469995200634,"w":0.9755642414093018},"size":27.797470092773439,"orthographic":true}